image_path,filename,property_score
imgs\1.webp,1.webp,6.0
imgs\10.webp,10.webp,4.0
imgs\2.webp,2.webp,4.0
imgs\3.webp,3.webp,4.0
imgs\4.webp,4.webp,6.0
imgs\5.webp,5.webp,5.0
imgs\6.webp,6.webp,3.0
imgs\7.webp,7.webp,3.0
imgs\8.avif,8.avif,2.0
imgs\8.webp,8.webp,7.0
imgs\9.webp,9.webp,7.0
images\image_1.jpg,image_1.jpg,7.0
images\image_102.jpg,image_102.jpg,6.0
images\image_103.jpg,image_103.jpg,6.0
images\image_106.jpg,image_106.jpg,4.0
images\image_108.jpg,image_108.jpg,5.0
images\image_117.jpg,image_117.jpg,5.0
images\image_119.jpg,image_119.jpg,6.0
images\image_122.jpg,image_122.jpg,4.0
images\image_123.jpg,image_123.jpg,6.0
images\image_125.jpg,image_125.jpg,7.0
images\image_128.jpg,image_128.jpg,8.0
images\image_129.jpg,image_129.jpg,6.0
images\image_13.jpg,image_13.jpg,6.0
images\image_131.jpg,image_131.jpg,7.0
images\image_133.jpg,image_133.jpg,6.0
images\image_135.jpg,image_135.jpg,6.0
images\image_137.jpg,image_137.jpg,3.0
images\image_138.jpg,image_138.jpg,4.0
images\image_139.jpg,image_139.jpg,3.0
images\image_140.jpg,image_140.jpg,5.0
images\image_141.jpg,image_141.jpg,6.0
images\image_142.jpg,image_142.jpg,5.0
images\image_145.jpg,image_145.jpg,4.0
images\image_146.jpg,image_146.jpg,4.0
images\image_147.jpg,image_147.jpg,4.0
images\image_148.jpg,image_148.jpg,5.0
images\image_149.jpg,image_149.jpg,2.0
images\image_150.jpg,image_150.jpg,5.0
images\image_151.jpg,image_151.jpg,6.0
images\image_152.jpg,image_152.jpg,5.0
images\image_155.jpg,image_155.jpg,5.0
images\image_156.jpg,image_156.jpg,3.0
images\image_158.jpg,image_158.jpg,3.0
images\image_16.jpg,image_16.jpg,4.0
images\image_160.jpg,image_160.jpg,5.0
images\image_162.jpg,image_162.jpg,4.0
images\image_163.jpg,image_163.jpg,4.0
images\image_168.jpg,image_168.jpg,3.0
images\image_17.jpg,image_17.jpg,3.0
images\image_173.jpg,image_173.jpg,5.0
images\image_174.jpg,image_174.jpg,5.0
images\image_177.jpg,image_177.jpg,5.0
images\image_178.jpg,image_178.jpg,5.0
images\image_18.jpg,image_18.jpg,6.0
images\image_180.jpg,image_180.jpg,4.0
images\image_182.jpg,image_182.jpg,6.0
images\image_186.jpg,image_186.jpg,4.0
images\image_187.jpg,image_187.jpg,5.0
images\image_188.jpg,image_188.jpg,6.0
images\image_189.jpg,image_189.jpg,6.0
images\image_190.jpg,image_190.jpg,4.0
images\image_192.jpg,image_192.jpg,7.0
images\image_193.jpg,image_193.jpg,7.0
images\image_195.jpg,image_195.jpg,8.0
images\image_196.jpg,image_196.jpg,5.0
images\image_197.jpg,image_197.jpg,7.0
images\image_198.jpg,image_198.jpg,5.0
images\image_199.jpg,image_199.jpg,7.0
images\image_20.jpg,image_20.jpg,7.0
images\image_202.jpg,image_202.jpg,6.0
images\image_205.jpg,image_205.jpg,5.0
images\image_206.jpg,image_206.jpg,3.0
images\image_208.jpg,image_208.jpg,6.0
images\image_209.jpg,image_209.jpg,4.0
images\image_21.jpg,image_21.jpg,5.0
images\image_210.jpg,image_210.jpg,6.0
images\image_214.jpg,image_214.jpg,4.0
images\image_215.jpg,image_215.jpg,4.0
images\image_22.jpg,image_22.jpg,5.0
images\image_222.jpg,image_222.jpg,5.0
images\image_23.jpg,image_23.jpg,3.0
images\image_236.jpg,image_236.jpg,7.0
images\image_238.jpg,image_238.jpg,6.0
images\image_24.jpg,image_24.jpg,6.0
images\image_240.jpg,image_240.jpg,6.0
images\image_241.jpg,image_241.jpg,6.0
images\image_244.jpg,image_244.jpg,5.0
images\image_246.jpg,image_246.jpg,3.0
images\image_25.jpg,image_25.jpg,4.0
images\image_26.jpg,image_26.jpg,4.0
images\image_266.jpg,image_266.jpg,6.0
images\image_268.jpg,image_268.jpg,7.0
images\image_272.jpg,image_272.jpg,7.0
images\image_274.jpg,image_274.jpg,7.0
images\image_275.jpg,image_275.jpg,7.0
images\image_276.jpg,image_276.jpg,7.0
images\image_277.jpg,image_277.jpg,5.0
images\image_278.jpg,image_278.jpg,6.0
images\image_279.jpg,image_279.jpg,5.0
images\image_28.jpg,image_28.jpg,4.0
images\image_280.jpg,image_280.jpg,5.0
images\image_281.jpg,image_281.jpg,6.0
images\image_284.jpg,image_284.jpg,5.0
images\image_286.jpg,image_286.jpg,6.0
images\image_288.jpg,image_288.jpg,6.0
images\image_289.jpg,image_289.jpg,5.0
images\image_29.jpg,image_29.jpg,5.0
images\image_292.jpg,image_292.jpg,7.0
images\image_294.jpg,image_294.jpg,7.0
images\image_295.jpg,image_295.jpg,6.0
images\image_296.jpg,image_296.jpg,7.0
images\image_297.jpg,image_297.jpg,6.0
images\image_298.jpg,image_298.jpg,6.0
images\image_299.jpg,image_299.jpg,7.0
images\image_3.jpg,image_3.jpg,7.0
images\image_30.jpg,image_30.jpg,6.0
images\image_300.jpg,image_300.jpg,6.0
images\image_301.jpg,image_301.jpg,6.0
images\image_302.jpg,image_302.jpg,6.0
images\image_303.jpg,image_303.jpg,6.0
images\image_304.jpg,image_304.jpg,6.0
images\image_305.jpg,image_305.jpg,6.0
images\image_306.jpg,image_306.jpg,6.0
images\image_307.jpg,image_307.jpg,7.0
images\image_308.jpg,image_308.jpg,6.0
images\image_31.jpg,image_31.jpg,5.0
images\image_310.jpg,image_310.jpg,6.0
images\image_312.jpg,image_312.jpg,7.0
images\image_314.jpg,image_314.jpg,7.0
images\image_315.jpg,image_315.jpg,7.0
images\image_316.jpg,image_316.jpg,6.0
images\image_318.jpg,image_318.jpg,4.0
images\image_32.jpg,image_32.jpg,5.0
images\image_320.jpg,image_320.jpg,5.0
images\image_322.jpg,image_322.jpg,7.0
images\image_324.jpg,image_324.jpg,5.0
images\image_326.jpg,image_326.jpg,6.0
images\image_328.jpg,image_328.jpg,4.0
images\image_33.jpg,image_33.jpg,5.0
images\image_330.jpg,image_330.jpg,3.0
images\image_334.jpg,image_334.jpg,3.0
images\image_335.jpg,image_335.jpg,5.0
images\image_337.jpg,image_337.jpg,6.0
images\image_338.jpg,image_338.jpg,7.0
images\image_339.jpg,image_339.jpg,7.0
images\image_34.jpg,image_34.jpg,7.0
images\image_340.jpg,image_340.jpg,4.0
images\image_341.jpg,image_341.jpg,7.0
images\image_342.jpg,image_342.jpg,7.0
images\image_343.jpg,image_343.jpg,5.0
images\image_344.jpg,image_344.jpg,5.0
images\image_345.jpg,image_345.jpg,5.0
images\image_347.jpg,image_347.jpg,5.0
images\image_348.jpg,image_348.jpg,4.0
images\image_349.jpg,image_349.jpg,5.0
images\image_350.jpg,image_350.jpg,7.0
images\image_351.jpg,image_351.jpg,7.0
images\image_352.jpg,image_352.jpg,6.0
images\image_353.jpg,image_353.jpg,7.0
images\image_354.jpg,image_354.jpg,2.0
images\image_355.jpg,image_355.jpg,2.0
images\image_357.jpg,image_357.jpg,7.0
images\image_358.jpg,image_358.jpg,6.0
images\image_359.jpg,image_359.jpg,7.0
images\image_360.jpg,image_360.jpg,6.0
images\image_361.jpg,image_361.jpg,7.0
images\image_362.jpg,image_362.jpg,6.0
images\image_363.jpg,image_363.jpg,5.0
images\image_364.jpg,image_364.jpg,6.0
images\image_365.jpg,image_365.jpg,5.0
images\image_366.jpg,image_366.jpg,5.0
images\image_367.jpg,image_367.jpg,6.0
images\image_368.jpg,image_368.jpg,7.0
images\image_369.jpg,image_369.jpg,5.0
images\image_370.jpg,image_370.jpg,6.0
images\image_371.jpg,image_371.jpg,4.0
images\image_372.jpg,image_372.jpg,5.0
images\image_373.jpg,image_373.jpg,6.0
images\image_374.jpg,image_374.jpg,4.0
images\image_375.jpg,image_375.jpg,6.0
images\image_376.jpg,image_376.jpg,4.0
images\image_377.jpg,image_377.jpg,6.0
images\image_378.jpg,image_378.jpg,7.0
images\image_380.jpg,image_380.jpg,5.0
images\image_381.jpg,image_381.jpg,6.0
images\image_382.jpg,image_382.jpg,6.0
images\image_384.jpg,image_384.jpg,5.0
images\image_385.jpg,image_385.jpg,5.0
images\image_386.jpg,image_386.jpg,5.0
images\image_387.jpg,image_387.jpg,6.0
images\image_389.jpg,image_389.jpg,5.0
images\image_390.jpg,image_390.jpg,6.0
images\image_391.jpg,image_391.jpg,5.0
images\image_392.jpg,image_392.jpg,7.0
images\image_393.jpg,image_393.jpg,5.0
images\image_394.jpg,image_394.jpg,6.0
images\image_395.jpg,image_395.jpg,8.0
images\image_396.jpg,image_396.jpg,7.0
images\image_397.jpg,image_397.jpg,6.0
images\image_398.jpg,image_398.jpg,7.0
images\image_399.jpg,image_399.jpg,5.0
images\image_4.jpg,image_4.jpg,6.0
images\image_400.jpg,image_400.jpg,6.0
images\image_401.jpg,image_401.jpg,5.0
images\image_402.jpg,image_402.jpg,5.0
images\image_403.jpg,image_403.jpg,5.0
images\image_404.jpg,image_404.jpg,5.0
images\image_405.jpg,image_405.jpg,7.0
images\image_406.jpg,image_406.jpg,6.0
images\image_407.jpg,image_407.jpg,5.0
images\image_408.jpg,image_408.jpg,5.0
images\image_409.jpg,image_409.jpg,6.0
images\image_410.jpg,image_410.jpg,7.0
images\image_411.jpg,image_411.jpg,7.0
images\image_412.jpg,image_412.jpg,5.0
images\image_413.jpg,image_413.jpg,7.0
images\image_414.jpg,image_414.jpg,6.0
images\image_415.jpg,image_415.jpg,7.0
images\image_416.jpg,image_416.jpg,5.0
images\image_417.jpg,image_417.jpg,5.0
images\image_418.jpg,image_418.jpg,7.0
images\image_419.jpg,image_419.jpg,5.0
images\image_420.jpg,image_420.jpg,6.0
images\image_421.jpg,image_421.jpg,5.0
images\image_422.jpg,image_422.jpg,6.0
images\image_424.jpg,image_424.jpg,6.0
images\image_425.jpg,image_425.jpg,6.0
images\image_426.jpg,image_426.jpg,5.0
images\image_428.jpg,image_428.jpg,5.0
images\image_430.jpg,image_430.jpg,5.0
images\image_431.jpg,image_431.jpg,3.0
images\image_432.jpg,image_432.jpg,4.0
images\image_433.jpg,image_433.jpg,5.0
images\image_434.jpg,image_434.jpg,6.0
images\image_435.jpg,image_435.jpg,6.0
images\image_436.jpg,image_436.jpg,6.0
images\image_438.jpg,image_438.jpg,7.0
images\image_439.jpg,image_439.jpg,5.0
images\image_440.jpg,image_440.jpg,6.0
images\image_441.jpg,image_441.jpg,5.0
images\image_442.jpg,image_442.jpg,4.0
images\image_443.jpg,image_443.jpg,5.0
images\image_444.jpg,image_444.jpg,5.0
images\image_447.jpg,image_447.jpg,5.0
images\image_448.jpg,image_448.jpg,5.0
images\image_450.jpg,image_450.jpg,5.0
images\image_451.jpg,image_451.jpg,7.0
images\image_452.jpg,image_452.jpg,5.0
images\image_456.jpg,image_456.jpg,7.0
images\image_460.jpg,image_460.jpg,4.0
images\image_467.jpg,image_467.jpg,3.0
images\image_468.jpg,image_468.jpg,4.0
images\image_470.jpg,image_470.jpg,4.0
images\image_471.jpg,image_471.jpg,4.0
images\image_472.jpg,image_472.jpg,6.0
images\image_473.jpg,image_473.jpg,5.0
images\image_474.jpg,image_474.jpg,5.0
images\image_480.jpg,image_480.jpg,6.0
images\image_482.jpg,image_482.jpg,4.0
images\image_484.jpg,image_484.jpg,3.0
images\image_487.jpg,image_487.jpg,4.0
images\image_49.jpg,image_49.jpg,5.0
images\image_490.jpg,image_490.jpg,5.0
images\image_492.jpg,image_492.jpg,7.0
images\image_493.jpg,image_493.jpg,5.0
images\image_495.jpg,image_495.jpg,6.0
images\image_497.jpg,image_497.jpg,5.0
images\image_498.jpg,image_498.jpg,6.0
images\image_499.jpg,image_499.jpg,6.0
images\image_5.jpg,image_5.jpg,6.0
images\image_500.jpg,image_500.jpg,5.0
images\image_503.jpg,image_503.jpg,5.0
images\image_504.jpg,image_504.jpg,6.0
images\image_507.jpg,image_507.jpg,7.0
images\image_508.jpg,image_508.jpg,6.0
images\image_51.jpg,image_51.jpg,5.0
images\image_510.jpg,image_510.jpg,6.0
images\image_511.jpg,image_511.jpg,4.0
images\image_513.jpg,image_513.jpg,4.0
images\image_514.jpg,image_514.jpg,4.0
images\image_515.jpg,image_515.jpg,6.0
images\image_516.jpg,image_516.jpg,5.0
images\image_518.jpg,image_518.jpg,7.0
images\image_519.jpg,image_519.jpg,6.0
images\image_520.jpg,image_520.jpg,6.0
images\image_523.jpg,image_523.jpg,7.0
images\image_526.jpg,image_526.jpg,4.0
images\image_527.jpg,image_527.jpg,6.0
images\image_53.jpg,image_53.jpg,4.0
images\image_530.jpg,image_530.jpg,5.0
images\image_531.jpg,image_531.jpg,4.0
images\image_533.jpg,image_533.jpg,6.0
images\image_535.jpg,image_535.jpg,6.0
images\image_536.jpg,image_536.jpg,6.0
images\image_537.jpg,image_537.jpg,6.0
images\image_538.jpg,image_538.jpg,6.0
images\image_539.jpg,image_539.jpg,7.0
images\image_540.jpg,image_540.jpg,6.0
images\image_541.jpg,image_541.jpg,7.0
images\image_543.jpg,image_543.jpg,6.0
images\image_544.jpg,image_544.jpg,6.0
images\image_545.jpg,image_545.jpg,5.0
images\image_546.jpg,image_546.jpg,4.0
images\image_549.jpg,image_549.jpg,6.0
images\image_55.jpg,image_55.jpg,6.0
images\image_555.jpg,image_555.jpg,7.0
images\image_556.jpg,image_556.jpg,7.0
images\image_558.jpg,image_558.jpg,7.0
images\image_561.jpg,image_561.jpg,6.0
images\image_57.jpg,image_57.jpg,7.0
images\image_59.jpg,image_59.jpg,7.0
images\image_6.jpg,image_6.jpg,5.0
images\image_61.jpg,image_61.jpg,3.0
images\image_645.jpg,image_645.jpg,5.0
images\image_657.jpg,image_657.jpg,5.0
images\image_659.jpg,image_659.jpg,5.0
images\image_661.jpg,image_661.jpg,5.0
images\image_666.jpg,image_666.jpg,6.0
images\image_668.jpg,image_668.jpg,6.0
images\image_669.jpg,image_669.jpg,6.0
images\image_671.jpg,image_671.jpg,7.0
images\image_672.jpg,image_672.jpg,6.0
images\image_673.jpg,image_673.jpg,5.0
images\image_674.jpg,image_674.jpg,6.0
images\image_675.jpg,image_675.jpg,4.0
images\image_676.jpg,image_676.jpg,6.0
images\image_677.jpg,image_677.jpg,6.0
images\image_678.jpg,image_678.jpg,6.0
images\image_679.jpg,image_679.jpg,6.0
images\image_680.jpg,image_680.jpg,6.0
images\image_681.jpg,image_681.jpg,6.0
images\image_682.jpg,image_682.jpg,7.0
images\image_683.jpg,image_683.jpg,5.0
images\image_684.jpg,image_684.jpg,6.0
images\image_685.jpg,image_685.jpg,5.0
images\image_686.jpg,image_686.jpg,7.0
images\image_687.jpg,image_687.jpg,6.0
images\image_688.jpg,image_688.jpg,7.0
images\image_689.jpg,image_689.jpg,6.0
images\image_690.jpg,image_690.jpg,7.0
images\image_691.jpg,image_691.jpg,7.0
images\image_692.jpg,image_692.jpg,6.0
images\image_693.jpg,image_693.jpg,4.0
images\image_694.jpg,image_694.jpg,5.0
images\image_695.jpg,image_695.jpg,6.0
images\image_697.jpg,image_697.jpg,6.0
images\image_698.jpg,image_698.jpg,5.0
images\image_699.jpg,image_699.jpg,4.0
images\image_7.jpg,image_7.jpg,7.0
images\image_700.jpg,image_700.jpg,5.0
images\image_701.jpg,image_701.jpg,7.0
images\image_702.jpg,image_702.jpg,7.0
images\image_703.jpg,image_703.jpg,6.0
images\image_705.jpg,image_705.jpg,6.0
images\image_706.jpg,image_706.jpg,5.0
images\image_707.jpg,image_707.jpg,6.0
images\image_708.jpg,image_708.jpg,6.0
images\image_709.jpg,image_709.jpg,6.0
images\image_711.jpg,image_711.jpg,5.0
images\image_712.jpg,image_712.jpg,6.0
images\image_713.jpg,image_713.jpg,6.0
images\image_714.jpg,image_714.jpg,7.0
images\image_715.jpg,image_715.jpg,7.0
images\image_716.jpg,image_716.jpg,7.0
images\image_717.jpg,image_717.jpg,7.0
images\image_718.jpg,image_718.jpg,7.0
images\image_719.jpg,image_719.jpg,7.0
images\image_720.jpg,image_720.jpg,7.0
images\image_721.jpg,image_721.jpg,7.0
images\image_722.jpg,image_722.jpg,7.0
images\image_723.jpg,image_723.jpg,7.0
images\image_724.jpg,image_724.jpg,7.0
images\image_725.jpg,image_725.jpg,7.0
images\image_726.jpg,image_726.jpg,7.0
images\image_727.jpg,image_727.jpg,7.0
images\image_728.jpg,image_728.jpg,7.0
images\image_729.jpg,image_729.jpg,5.0
images\image_730.jpg,image_730.jpg,6.0
images\image_731.jpg,image_731.jpg,5.0
images\image_732.jpg,image_732.jpg,5.0
images\image_733.jpg,image_733.jpg,4.0
images\image_734.jpg,image_734.jpg,5.0
images\image_735.jpg,image_735.jpg,6.0
images\image_737.jpg,image_737.jpg,6.0
images\image_739.jpg,image_739.jpg,7.0
images\image_740.jpg,image_740.jpg,7.0
images\image_741.jpg,image_741.jpg,7.0
images\image_743.jpg,image_743.jpg,6.0
images\image_744.jpg,image_744.jpg,7.0
images\image_745.jpg,image_745.jpg,7.0
images\image_746.jpg,image_746.jpg,7.0
images\image_748.jpg,image_748.jpg,7.0
images\image_749.jpg,image_749.jpg,7.0
images\image_750.jpg,image_750.jpg,7.0
images\image_751.jpg,image_751.jpg,5.0
images\image_752.jpg,image_752.jpg,7.0
images\image_753.jpg,image_753.jpg,7.0
images\image_754.jpg,image_754.jpg,7.0
images\image_755.jpg,image_755.jpg,7.0
images\image_756.jpg,image_756.jpg,7.0
images\image_757.jpg,image_757.jpg,7.0
images\image_758.jpg,image_758.jpg,7.0
images\image_759.jpg,image_759.jpg,6.0
images\image_761.jpg,image_761.jpg,7.0
images\image_762.jpg,image_762.jpg,5.0
images\image_763.jpg,image_763.jpg,7.0
images\image_764.jpg,image_764.jpg,4.0
images\image_765.jpg,image_765.jpg,7.0
images\image_767.jpg,image_767.jpg,7.0
images\image_768.jpg,image_768.jpg,4.0
images\image_769.jpg,image_769.jpg,7.0
images\image_770.jpg,image_770.jpg,7.0
images\image_772.jpg,image_772.jpg,7.0
images\image_773.jpg,image_773.jpg,7.0
images\image_774.jpg,image_774.jpg,7.0
images\image_775.jpg,image_775.jpg,4.0
images\image_776.jpg,image_776.jpg,7.0
images\image_777.jpg,image_777.jpg,7.0
images\image_778.jpg,image_778.jpg,6.0
images\image_779.jpg,image_779.jpg,4.0
images\image_780.jpg,image_780.jpg,3.0
images\image_781.jpg,image_781.jpg,7.0
images\image_782.jpg,image_782.jpg,7.0
images\image_783.jpg,image_783.jpg,7.0
images\image_784.jpg,image_784.jpg,7.0
images\image_785.jpg,image_785.jpg,7.0
images\image_786.jpg,image_786.jpg,7.0
images\image_787.jpg,image_787.jpg,7.0
images\image_790.jpg,image_790.jpg,7.0
images\image_791.jpg,image_791.jpg,7.0
images\image_792.jpg,image_792.jpg,7.0
images\image_793.jpg,image_793.jpg,7.0
images\image_794.jpg,image_794.jpg,7.0
images\image_795.jpg,image_795.jpg,7.0
images\image_796.jpg,image_796.jpg,7.0
images\image_797.jpg,image_797.jpg,7.0
images\image_798.jpg,image_798.jpg,7.0
images\image_799.jpg,image_799.jpg,7.0
images\image_8.jpg,image_8.jpg,7.0
images\image_800.jpg,image_800.jpg,7.0
images\image_801.jpg,image_801.jpg,7.0
images\image_802.jpg,image_802.jpg,7.0
images\image_803.jpg,image_803.jpg,7.0
images\image_804.jpg,image_804.jpg,7.0
images\image_805.jpg,image_805.jpg,7.0
images\image_806.jpg,image_806.jpg,7.0
images\image_807.jpg,image_807.jpg,7.0
images\image_808.jpg,image_808.jpg,7.0
images\image_809.jpg,image_809.jpg,7.0
images\image_810.jpg,image_810.jpg,7.0
images\image_811.jpg,image_811.jpg,7.0
images\image_813.jpg,image_813.jpg,7.0
images\image_814.jpg,image_814.jpg,7.0
images\image_815.jpg,image_815.jpg,8.0
images\image_816.jpg,image_816.jpg,7.0
images\image_817.jpg,image_817.jpg,6.0
images\image_818.jpg,image_818.jpg,7.0
images\image_819.jpg,image_819.jpg,4.0
images\image_820.jpg,image_820.jpg,7.0
images\image_821.jpg,image_821.jpg,7.0
images\image_822.jpg,image_822.jpg,7.0
images\image_823.jpg,image_823.jpg,6.0
images\image_830.jpg,image_830.jpg,5.0
images\image_832.jpg,image_832.jpg,7.0
images\image_833.jpg,image_833.jpg,7.0
images\image_834.jpg,image_834.jpg,7.0
images\image_836.jpg,image_836.jpg,7.0
images\image_837.jpg,image_837.jpg,7.0
images\image_839.jpg,image_839.jpg,7.0
images\image_841.jpg,image_841.jpg,6.0
images\image_842.jpg,image_842.jpg,7.0
images\image_844.jpg,image_844.jpg,5.0
images\image_845.jpg,image_845.jpg,7.0
images\image_846.jpg,image_846.jpg,5.0
images\image_847.jpg,image_847.jpg,7.0
images\image_848.jpg,image_848.jpg,6.0
images\image_850.jpg,image_850.jpg,6.0
images\image_851.jpg,image_851.jpg,6.0
images\image_852.jpg,image_852.jpg,7.0
images\image_853.jpg,image_853.jpg,6.0
images\image_854.jpg,image_854.jpg,6.0
images\image_855.jpg,image_855.jpg,5.0
images\image_856.jpg,image_856.jpg,6.0
images\image_857.jpg,image_857.jpg,6.0
images\image_858.jpg,image_858.jpg,6.0
images\image_860.jpg,image_860.jpg,7.0
images\image_861.jpg,image_861.jpg,7.0
images\image_862.jpg,image_862.jpg,7.0
images\image_866.jpg,image_866.jpg,6.0
images\image_870.jpg,image_870.jpg,7.0
images\image_872.jpg,image_872.jpg,5.0
images\image_873.jpg,image_873.jpg,7.0
images\image_877.jpg,image_877.jpg,7.0
images\image_878.jpg,image_878.jpg,7.0
images\image_880.jpg,image_880.jpg,7.0
images\image_881.jpg,image_881.jpg,7.0
images\image_882.jpg,image_882.jpg,5.0
images\image_883.jpg,image_883.jpg,7.0
images\image_884.jpg,image_884.jpg,7.0
images\image_885.jpg,image_885.jpg,7.0
images\image_887.jpg,image_887.jpg,5.0
images\image_889.jpg,image_889.jpg,4.0
images\image_89.jpg,image_89.jpg,6.0
images\image_890.jpg,image_890.jpg,6.0
images\image_891.jpg,image_891.jpg,5.0
images\image_892.jpg,image_892.jpg,6.0
images\image_893.jpg,image_893.jpg,7.0
images\image_894.jpg,image_894.jpg,7.0
images\image_895.jpg,image_895.jpg,7.0
images\image_898.jpg,image_898.jpg,7.0
images\image_899.jpg,image_899.jpg,7.0
images\image_9.jpg,image_9.jpg,7.0
images\image_901.jpg,image_901.jpg,7.0
images\image_902.jpg,image_902.jpg,7.0
images\image_903.jpg,image_903.jpg,7.0
images\image_904.jpg,image_904.jpg,7.0
images\image_905.jpg,image_905.jpg,7.0
images\image_906.jpg,image_906.jpg,7.0
images\image_907.jpg,image_907.jpg,7.0
images\image_91.jpg,image_91.jpg,7.0
images\image_910.jpg,image_910.jpg,7.0
images\image_911.jpg,image_911.jpg,4.0
images\image_912.jpg,image_912.jpg,7.0
images\image_913.jpg,image_913.jpg,5.0
images\image_917.jpg,image_917.jpg,7.0
images\image_918.jpg,image_918.jpg,7.0
images\image_919.jpg,image_919.jpg,5.0
images\image_920.jpg,image_920.jpg,6.0
images\image_921.jpg,image_921.jpg,6.0
images\image_922.jpg,image_922.jpg,6.0
images\image_923.jpg,image_923.jpg,5.0
images\image_924.jpg,image_924.jpg,6.0
images\image_925.jpg,image_925.jpg,6.0
images\image_926.jpg,image_926.jpg,7.0
images\image_927.jpg,image_927.jpg,7.0
images\image_928.jpg,image_928.jpg,6.0
images\image_929.jpg,image_929.jpg,7.0
images\image_930.jpg,image_930.jpg,6.0
images\image_931.jpg,image_931.jpg,6.0
images\image_932.jpg,image_932.jpg,6.0
images\image_933.jpg,image_933.jpg,6.0
images\image_934.jpg,image_934.jpg,7.0
images\image_936.jpg,image_936.jpg,6.0
images\image_937.jpg,image_937.jpg,6.0
images\image_938.jpg,image_938.jpg,6.0
images\image_939.jpg,image_939.jpg,6.0
images\image_940.jpg,image_940.jpg,6.0
images\image_942.jpg,image_942.jpg,6.0
images\image_944.jpg,image_944.jpg,6.0
images\image_946.jpg,image_946.jpg,6.0
images\image_947.jpg,image_947.jpg,7.0
images\image_948.jpg,image_948.jpg,7.0
images\image_949.jpg,image_949.jpg,7.0
images\image_950.jpg,image_950.jpg,4.0
images\image_951.jpg,image_951.jpg,7.0
images\image_952.jpg,image_952.jpg,5.0
images\image_953.jpg,image_953.jpg,5.0
images\image_955.jpg,image_955.jpg,5.0
images\image_956.jpg,image_956.jpg,6.0
images\image_957.jpg,image_957.jpg,6.0
images\image_959.jpg,image_959.jpg,7.0
images\image_97.jpg,image_97.jpg,6.0
